id,product_id/id,quantity,location_id/id,company_id/id
init.quant_h2_b89f03d9-a61b-4d4e-9636-5b28fdef4525,init.b89f03d9-a61b-4d4e-9636-5b28fdef4525,100.0,init.stock_location_h2,init.12b972a9-abcb-436f-a945-0578e67b4569
init.quant_h2_b61b29d2-41ee-4079-8fbb-a054596b7ae1,init.b61b29d2-41ee-4079-8fbb-a054596b7ae1,100.0,init.stock_location_h2,init.12b972a9-abcb-436f-a945-0578e67b4569
init.quant_h2_2819e041-6657-4a27-8472-07563eb6038f,init.2819e041-6657-4a27-8472-07563eb6038f,100.0,init.stock_location_h2,init.12b972a9-abcb-436f-a945-0578e67b4569
init.quant_h2_4eb11496-3275-4087-ab5c-b1e4ea885e99,init.4eb11496-3275-4087-ab5c-b1e4ea885e99,100.0,init.stock_location_h2,init.12b972a9-abcb-436f-a945-0578e67b4569
init.quant_h2_123c4342-552a-4db9-bb0b-a7d0bd2e5849,init.123c4342-552a-4db9-bb0b-a7d0bd2e5849,100.0,init.stock_location_h2,init.12b972a9-abcb-436f-a945-0578e67b4569
init.quant_h2_a74fe93c-b023-4159-8bd6-5d40a0909636,init.a74fe93c-b023-4159-8bd6-5d40a0909636,100.0,init.stock_location_h2,init.12b972a9-abcb-436f-a945-0578e67b4569
init.quant_h2_77addc86-5036-4a82-b722-826635e1ce0b,init.77addc86-5036-4a82-b722-826635e1ce0b,100.0,init.stock_location_h2,init.12b972a9-abcb-436f-a945-0578e67b4569
init.quant_h2_37302e59-9824-4ec3-a8f7-6b491a5ee183,init.37302e59-9824-4ec3-a8f7-6b491a5ee183,100.0,init.stock_location_h2,init.12b972a9-abcb-436f-a945-0578e67b4569
init.quant_h2_621d0806-2a13-41aa-b922-2fb3cdffcefa,init.621d0806-2a13-41aa-b922-2fb3cdffcefa,100.0,init.stock_location_h2,init.12b972a9-abcb-436f-a945-0578e67b4569
init.quant_h2_42ff800a-5d35-4908-bb6e-ffd0b5d14189,init.42ff800a-5d35-4908-bb6e-ffd0b5d14189,100.0,init.stock_location_h2,init.12b972a9-abcb-436f-a945-0578e67b4569
init.quant_h2_7bf6328a-4194-484e-846f-a98bd41634e8,init.7bf6328a-4194-484e-846f-a98bd41634e8,100.0,init.stock_location_h2,init.12b972a9-abcb-436f-a945-0578e67b4569
init.quant_h2_39a96958-781f-4d84-a9e8-56f6dfbf9061,init.39a96958-781f-4d84-a9e8-56f6dfbf9061,100.0,init.stock_location_h2,init.12b972a9-abcb-436f-a945-0578e67b4569
init.quant_h2_c3fb68d0-ba3d-4b94-bcb8-b2286d9b0358,init.c3fb68d0-ba3d-4b94-bcb8-b2286d9b0358,100.0,init.stock_location_h2,init.12b972a9-abcb-436f-a945-0578e67b4569
init.quant_h2_58a9f6d0-1092-4c9c-b195-fbd7e43b39dd,init.58a9f6d0-1092-4c9c-b195-fbd7e43b39dd,100.0,init.stock_location_h2,init.12b972a9-abcb-436f-a945-0578e67b4569
init.quant_h2_c91f7481-cb7b-40ad-92cc-e8f54534de29,init.c91f7481-cb7b-40ad-92cc-e8f54534de29,100.0,init.stock_location_h2,init.12b972a9-abcb-436f-a945-0578e67b4569
init.quant_h2_d879219a-a74d-4a4a-a893-ebeb5594c629,init.d879219a-a74d-4a4a-a893-ebeb5594c629,100.0,init.stock_location_h2,init.12b972a9-abcb-436f-a945-0578e67b4569
init.quant_h2_7b0c0119-7aed-48a6-8501-c8d266098aab,init.7b0c0119-7aed-48a6-8501-c8d266098aab,100.0,init.stock_location_h2,init.12b972a9-abcb-436f-a945-0578e67b4569
init.quant_h2_a0f54b5b-0eda-49aa-82be-3634df0de78f,init.a0f54b5b-0eda-49aa-82be-3634df0de78f,100.0,init.stock_location_h2,init.12b972a9-abcb-436f-a945-0578e67b4569
init.quant_h2_8e89914e-560b-4ac1-851c-ffeb54cb677f,init.8e89914e-560b-4ac1-851c-ffeb54cb677f,100.0,init.stock_location_h2,init.12b972a9-abcb-436f-a945-0578e67b4569
init.quant_h2_a42089dd-e91e-49a3-8c17-8571f2e5a404,init.a42089dd-e91e-49a3-8c17-8571f2e5a404,100.0,init.stock_location_h2,init.12b972a9-abcb-436f-a945-0578e67b4569
init.quant_h2_02dd2a8e-1a8f-49cb-bc06-daf9e1af16ba,init.02dd2a8e-1a8f-49cb-bc06-daf9e1af16ba,100.0,init.stock_location_h2,init.12b972a9-abcb-436f-a945-0578e67b4569
init.quant_h2_dae4050d-c309-4a20-a62e-e84d192e1e87,init.dae4050d-c309-4a20-a62e-e84d192e1e87,100.0,init.stock_location_h2,init.12b972a9-abcb-436f-a945-0578e67b4569
init.quant_h2_81d0cb9f-5104-4df2-84ee-2818a1af56d6,init.81d0cb9f-5104-4df2-84ee-2818a1af56d6,100.0,init.stock_location_h2,init.12b972a9-abcb-436f-a945-0578e67b4569
init.quant_h2_1cd391d8-ed72-4c61-a203-faf40bee6921,init.1cd391d8-ed72-4c61-a203-faf40bee6921,100.0,init.stock_location_h2,init.12b972a9-abcb-436f-a945-0578e67b4569
init.quant_h2_2e2bf852-a920-41cd-bc27-65f1da248045,init.2e2bf852-a920-41cd-bc27-65f1da248045,100.0,init.stock_location_h2,init.12b972a9-abcb-436f-a945-0578e67b4569
init.quant_h2_43b16225-ca24-44f4-9372-8b54fd6463b0,init.43b16225-ca24-44f4-9372-8b54fd6463b0,100.0,init.stock_location_h2,init.12b972a9-abcb-436f-a945-0578e67b4569
init.quant_h2_4f93c00b-cf6e-48a1-b1da-ab3551915e25,init.4f93c00b-cf6e-48a1-b1da-ab3551915e25,100.0,init.stock_location_h2,init.12b972a9-abcb-436f-a945-0578e67b4569
init.quant_h2_a8e46194-ae9c-44b1-97a6-03be94ca54dd,init.a8e46194-ae9c-44b1-97a6-03be94ca54dd,100.0,init.stock_location_h2,init.12b972a9-abcb-436f-a945-0578e67b4569
init.quant_h2_c872abc2-47ed-4eb2-bd6e-b6dbf6d6a95f,init.c872abc2-47ed-4eb2-bd6e-b6dbf6d6a95f,100.0,init.stock_location_h2,init.12b972a9-abcb-436f-a945-0578e67b4569
init.quant_h2_3f9e7636-7443-45bf-a3fb-fd0530d3d43a,init.3f9e7636-7443-45bf-a3fb-fd0530d3d43a,100.0,init.stock_location_h2,init.12b972a9-abcb-436f-a945-0578e67b4569
init.quant_h2_1d153d70-219e-4683-96c2-c1337a2eea85,init.1d153d70-219e-4683-96c2-c1337a2eea85,100.0,init.stock_location_h2,init.12b972a9-abcb-436f-a945-0578e67b4569
init.quant_h2_1483054c-f2e7-499c-adf2-7c9a51ccc055,init.1483054c-f2e7-499c-adf2-7c9a51ccc055,100.0,init.stock_location_h2,init.12b972a9-abcb-436f-a945-0578e67b4569
init.quant_h2_da76ce4e-1a18-4232-aba1-16ab7e19df16,init.da76ce4e-1a18-4232-aba1-16ab7e19df16,100.0,init.stock_location_h2,init.12b972a9-abcb-436f-a945-0578e67b4569
init.quant_h2_368866e6-0b82-4049-8f10-9fc2bbf43066,init.368866e6-0b82-4049-8f10-9fc2bbf43066,100.0,init.stock_location_h2,init.12b972a9-abcb-436f-a945-0578e67b4569
init.quant_h2_588c4abc-3b4b-43c8-a55f-5e80b2c90f1e,init.588c4abc-3b4b-43c8-a55f-5e80b2c90f1e,100.0,init.stock_location_h2,init.12b972a9-abcb-436f-a945-0578e67b4569
init.quant_h2_da1aafd5-78a3-4848-8057-63a424b0aead,init.da1aafd5-78a3-4848-8057-63a424b0aead,100.0,init.stock_location_h2,init.12b972a9-abcb-436f-a945-0578e67b4569
init.quant_h2_9b305550-beb8-4c7b-a800-caab72438430,init.9b305550-beb8-4c7b-a800-caab72438430,100.0,init.stock_location_h2,init.12b972a9-abcb-436f-a945-0578e67b4569
init.quant_h2_ee3e761a-3d43-4c51-98a3-cc2bd94946b6,init.ee3e761a-3d43-4c51-98a3-cc2bd94946b6,100.0,init.stock_location_h2,init.12b972a9-abcb-436f-a945-0578e67b4569
init.quant_h2_77fb133c-02c4-443d-9ec2-8630c2f53690,init.77fb133c-02c4-443d-9ec2-8630c2f53690,100.0,init.stock_location_h2,init.12b972a9-abcb-436f-a945-0578e67b4569
init.quant_h2_1a2354cb-3a85-4af9-8f36-d5146bda46a1,init.1a2354cb-3a85-4af9-8f36-d5146bda46a1,100.0,init.stock_location_h2,init.12b972a9-abcb-436f-a945-0578e67b4569
init.quant_h2_ea44b958-6805-40ad-a6e3-7b67aa2fe0d1,init.ea44b958-6805-40ad-a6e3-7b67aa2fe0d1,100.0,init.stock_location_h2,init.12b972a9-abcb-436f-a945-0578e67b4569
init.quant_h2_bebc4d5f-df7b-485a-9b3b-3420f536cb6f,init.bebc4d5f-df7b-485a-9b3b-3420f536cb6f,100.0,init.stock_location_h2,init.12b972a9-abcb-436f-a945-0578e67b4569
init.quant_h2_bed41e87-9cfc-4d1f-9b44-c23732e6c162,init.bed41e87-9cfc-4d1f-9b44-c23732e6c162,100.0,init.stock_location_h2,init.12b972a9-abcb-436f-a945-0578e67b4569
init.quant_h2_012f0f5d-c76e-4a28-8e60-30c440f5ff62,init.012f0f5d-c76e-4a28-8e60-30c440f5ff62,100.0,init.stock_location_h2,init.12b972a9-abcb-436f-a945-0578e67b4569
init.quant_h2_b3daa156-5432-4f19-9de9-6788ad43c5b6,init.b3daa156-5432-4f19-9de9-6788ad43c5b6,100.0,init.stock_location_h2,init.12b972a9-abcb-436f-a945-0578e67b4569
init.quant_h2_eb4fedd3-154d-43f8-ad6c-d89930b1e175,init.eb4fedd3-154d-43f8-ad6c-d89930b1e175,100.0,init.stock_location_h2,init.12b972a9-abcb-436f-a945-0578e67b4569
init.quant_h2_0113c442-4959-430d-a389-8cbafa2b8733,init.0113c442-4959-430d-a389-8cbafa2b8733,100.0,init.stock_location_h2,init.12b972a9-abcb-436f-a945-0578e67b4569
init.quant_h2_3bc9e3a2-c85a-488b-b9a7-8e5fcafe2f81,init.3bc9e3a2-c85a-488b-b9a7-8e5fcafe2f81,100.0,init.stock_location_h2,init.12b972a9-abcb-436f-a945-0578e67b4569
init.quant_h2_ec535874-98d9-463c-a12a-42fa070c2f22,init.ec535874-98d9-463c-a12a-42fa070c2f22,100.0,init.stock_location_h2,init.12b972a9-abcb-436f-a945-0578e67b4569
init.quant_h2_f8e266ec-24c9-4f64-89b0-33f1a052bd57,init.f8e266ec-24c9-4f64-89b0-33f1a052bd57,100.0,init.stock_location_h2,init.12b972a9-abcb-436f-a945-0578e67b4569
init.quant_h2_f6438215-66a1-4e8f-a57a-b747981fd8f6,init.f6438215-66a1-4e8f-a57a-b747981fd8f6,100.0,init.stock_location_h2,init.12b972a9-abcb-436f-a945-0578e67b4569
init.quant_h2_13b68d05-a6c1-43ac-ae12-a68eb8459ab6,init.13b68d05-a6c1-43ac-ae12-a68eb8459ab6,100.0,init.stock_location_h2,init.12b972a9-abcb-436f-a945-0578e67b4569
init.quant_h2_0e8496ea-c8f7-4f08-abef-994e3c3243a2,init.0e8496ea-c8f7-4f08-abef-994e3c3243a2,100.0,init.stock_location_h2,init.12b972a9-abcb-436f-a945-0578e67b4569
init.quant_h2_2dca268b-fdb8-42f2-85eb-73a884c020ce,init.2dca268b-fdb8-42f2-85eb-73a884c020ce,100.0,init.stock_location_h2,init.12b972a9-abcb-436f-a945-0578e67b4569
init.quant_h2_7bedc809-05bd-4baf-bd4b-5a21d9e48a01,init.7bedc809-05bd-4baf-bd4b-5a21d9e48a01,100.0,init.stock_location_h2,init.12b972a9-abcb-436f-a945-0578e67b4569
init.quant_h2_2832337e-3ef1-47fa-8a46-2bc6e9910353,init.2832337e-3ef1-47fa-8a46-2bc6e9910353,100.0,init.stock_location_h2,init.12b972a9-abcb-436f-a945-0578e67b4569
init.quant_h2_62ee5947-bf62-4a42-8c07-0f939f766afe,init.62ee5947-bf62-4a42-8c07-0f939f766afe,100.0,init.stock_location_h2,init.12b972a9-abcb-436f-a945-0578e67b4569
init.quant_h2_c6f2a3cb-b57f-4537-a179-ea0764d38690,init.c6f2a3cb-b57f-4537-a179-ea0764d38690,100.0,init.stock_location_h2,init.12b972a9-abcb-436f-a945-0578e67b4569
init.quant_h2_33558e37-627d-475f-b18f-5e5baf0ac0a6,init.33558e37-627d-475f-b18f-5e5baf0ac0a6,100.0,init.stock_location_h2,init.12b972a9-abcb-436f-a945-0578e67b4569
init.quant_h2_3e3c72db-491c-4690-be8b-1f2528fa3266,init.3e3c72db-491c-4690-be8b-1f2528fa3266,100.0,init.stock_location_h2,init.12b972a9-abcb-436f-a945-0578e67b4569
init.quant_h2_a377a5e6-0992-46c5-b5b0-5e3aafa27e16,init.a377a5e6-0992-46c5-b5b0-5e3aafa27e16,100.0,init.stock_location_h2,init.12b972a9-abcb-436f-a945-0578e67b4569
init.quant_h2_f3a1a212-12bc-43bd-b03f-73aeaac1379e,init.f3a1a212-12bc-43bd-b03f-73aeaac1379e,100.0,init.stock_location_h2,init.12b972a9-abcb-436f-a945-0578e67b4569
init.quant_h2_4deeccf6-6d1b-4a4a-a4ac-74c58aaeeb9e,init.4deeccf6-6d1b-4a4a-a4ac-74c58aaeeb9e,100.0,init.stock_location_h2,init.12b972a9-abcb-436f-a945-0578e67b4569
init.quant_h2_38978734-0960-4c7d-bb1e-725532bc4c6a,init.38978734-0960-4c7d-bb1e-725532bc4c6a,100.0,init.stock_location_h2,init.12b972a9-abcb-436f-a945-0578e67b4569
init.quant_h2_821cc62a-94c4-4928-999e-804bf32f0191,init.821cc62a-94c4-4928-999e-804bf32f0191,100.0,init.stock_location_h2,init.12b972a9-abcb-436f-a945-0578e67b4569
init.quant_h2_872c01c8-e9c9-478f-b2f6-87acf661ab6c,init.872c01c8-e9c9-478f-b2f6-87acf661ab6c,100.0,init.stock_location_h2,init.12b972a9-abcb-436f-a945-0578e67b4569
init.quant_h2_cbbc7d55-db59-4ea3-9f3b-d3709b1bb82d,init.cbbc7d55-db59-4ea3-9f3b-d3709b1bb82d,100.0,init.stock_location_h2,init.12b972a9-abcb-436f-a945-0578e67b4569
init.quant_h2_74c26d25-3b98-4bf7-b962-3de028b352a7,init.74c26d25-3b98-4bf7-b962-3de028b352a7,100.0,init.stock_location_h2,init.12b972a9-abcb-436f-a945-0578e67b4569
init.quant_h2_114d5a9f-f369-4976-9eb7-1f78050c6a9b,init.114d5a9f-f369-4976-9eb7-1f78050c6a9b,100.0,init.stock_location_h2,init.12b972a9-abcb-436f-a945-0578e67b4569
init.quant_h2_2b05efc6-833d-4718-9e39-6aab785cbfce,init.2b05efc6-833d-4718-9e39-6aab785cbfce,100.0,init.stock_location_h2,init.12b972a9-abcb-436f-a945-0578e67b4569
init.quant_h2_2f76266a-a841-4147-9401-c6b8409b8ccc,init.2f76266a-a841-4147-9401-c6b8409b8ccc,100.0,init.stock_location_h2,init.12b972a9-abcb-436f-a945-0578e67b4569
init.quant_h2_824dcc1b-27b7-459c-8f41-026b3af8dbe4,init.824dcc1b-27b7-459c-8f41-026b3af8dbe4,100.0,init.stock_location_h2,init.12b972a9-abcb-436f-a945-0578e67b4569
init.quant_h2_eff805bf-db0e-4adf-9a3d-9a5039083016,init.eff805bf-db0e-4adf-9a3d-9a5039083016,100.0,init.stock_location_h2,init.12b972a9-abcb-436f-a945-0578e67b4569
init.quant_h2_109ca9ff-5a43-42bd-b039-ba08c683ebb5,init.109ca9ff-5a43-42bd-b039-ba08c683ebb5,100.0,init.stock_location_h2,init.12b972a9-abcb-436f-a945-0578e67b4569
init.quant_h2_6e7bf710-843e-4bc3-b233-f40b09481276,init.6e7bf710-843e-4bc3-b233-f40b09481276,100.0,init.stock_location_h2,init.12b972a9-abcb-436f-a945-0578e67b4569
init.quant_h2_f8b1ef4c-66b6-4520-addc-ee58dd011c65,init.f8b1ef4c-66b6-4520-addc-ee58dd011c65,100.0,init.stock_location_h2,init.12b972a9-abcb-436f-a945-0578e67b4569
init.quant_h2_b71cea8f-ce37-4956-8ac6-324ee5b6daa0,init.b71cea8f-ce37-4956-8ac6-324ee5b6daa0,100.0,init.stock_location_h2,init.12b972a9-abcb-436f-a945-0578e67b4569
init.quant_h2_a67aaa3a-0e89-4bb7-abf0-54eb6edbecad,init.a67aaa3a-0e89-4bb7-abf0-54eb6edbecad,100.0,init.stock_location_h2,init.12b972a9-abcb-436f-a945-0578e67b4569
init.quant_h2_80143eee-aad0-42bc-885c-7b84fa9d9f44,init.80143eee-aad0-42bc-885c-7b84fa9d9f44,100.0,init.stock_location_h2,init.12b972a9-abcb-436f-a945-0578e67b4569
init.quant_h2_17e9b385-de8b-4d60-a7de-c37cbe2a3d1c,init.17e9b385-de8b-4d60-a7de-c37cbe2a3d1c,100.0,init.stock_location_h2,init.12b972a9-abcb-436f-a945-0578e67b4569
init.quant_h2_3543c654-0834-4c90-982c-5e277005c15d,init.3543c654-0834-4c90-982c-5e277005c15d,100.0,init.stock_location_h2,init.12b972a9-abcb-436f-a945-0578e67b4569
init.quant_h2_a491df48-4a2f-4f4a-a1b0-8bde19af5fb3,init.a491df48-4a2f-4f4a-a1b0-8bde19af5fb3,100.0,init.stock_location_h2,init.12b972a9-abcb-436f-a945-0578e67b4569
init.quant_h2_74ae589d-140f-4b2e-a040-d3ad09148f3f,init.74ae589d-140f-4b2e-a040-d3ad09148f3f,100.0,init.stock_location_h2,init.12b972a9-abcb-436f-a945-0578e67b4569
init.quant_h2_d07d5371-355c-4c61-9469-3f354f7edd5e,init.d07d5371-355c-4c61-9469-3f354f7edd5e,100.0,init.stock_location_h2,init.12b972a9-abcb-436f-a945-0578e67b4569
init.quant_h2_baa212eb-23a2-43c4-b2ac-badf95eac406,init.baa212eb-23a2-43c4-b2ac-badf95eac406,100.0,init.stock_location_h2,init.12b972a9-abcb-436f-a945-0578e67b4569
init.quant_h2_daf6e832-5615-44ce-a512-6f1c239245d9,init.daf6e832-5615-44ce-a512-6f1c239245d9,100.0,init.stock_location_h2,init.12b972a9-abcb-436f-a945-0578e67b4569
init.quant_h2_f05dd6ca-43d0-45ea-93ef-8d82483bbdc9,init.f05dd6ca-43d0-45ea-93ef-8d82483bbdc9,100.0,init.stock_location_h2,init.12b972a9-abcb-436f-a945-0578e67b4569
init.quant_h2_3b3e2029-84c4-4472-85b4-a1f1af0885b6,init.3b3e2029-84c4-4472-85b4-a1f1af0885b6,100.0,init.stock_location_h2,init.12b972a9-abcb-436f-a945-0578e67b4569
init.quant_h2_5b420f3b-7584-4934-b457-91d6f94ff6b7,init.5b420f3b-7584-4934-b457-91d6f94ff6b7,100.0,init.stock_location_h2,init.12b972a9-abcb-436f-a945-0578e67b4569
init.quant_h2_92247357-ccd3-4f83-9362-f40a103f4cd4,init.92247357-ccd3-4f83-9362-f40a103f4cd4,100.0,init.stock_location_h2,init.12b972a9-abcb-436f-a945-0578e67b4569
init.quant_h2_c00019ed-8b20-4445-891e-6de8fd9e6d33,init.c00019ed-8b20-4445-891e-6de8fd9e6d33,100.0,init.stock_location_h2,init.12b972a9-abcb-436f-a945-0578e67b4569
init.quant_h2_aa42752c-af45-449c-ae9f-30c6e272cee4,init.aa42752c-af45-449c-ae9f-30c6e272cee4,100.0,init.stock_location_h2,init.12b972a9-abcb-436f-a945-0578e67b4569
init.quant_h2_5360f695-a3e2-4593-9426-69ef43781877,init.5360f695-a3e2-4593-9426-69ef43781877,100.0,init.stock_location_h2,init.12b972a9-abcb-436f-a945-0578e67b4569
init.quant_h2_095f2aaa-351b-4848-9039-87bf67e2e97b,init.095f2aaa-351b-4848-9039-87bf67e2e97b,100.0,init.stock_location_h2,init.12b972a9-abcb-436f-a945-0578e67b4569
init.quant_h2_7a563628-d9c4-4a25-8193-207199051785,init.7a563628-d9c4-4a25-8193-207199051785,100.0,init.stock_location_h2,init.12b972a9-abcb-436f-a945-0578e67b4569
init.quant_h2_66319a6e-d296-4929-b7ed-b2ff8e108bc9,init.66319a6e-d296-4929-b7ed-b2ff8e108bc9,100.0,init.stock_location_h2,init.12b972a9-abcb-436f-a945-0578e67b4569
init.quant_h2_2421535d-e55e-4fa0-9dd5-039d8a63ed6a,init.2421535d-e55e-4fa0-9dd5-039d8a63ed6a,100.0,init.stock_location_h2,init.12b972a9-abcb-436f-a945-0578e67b4569
init.quant_h2_5690d13c-595b-4e29-bc7f-711afc8e7a16,init.5690d13c-595b-4e29-bc7f-711afc8e7a16,100.0,init.stock_location_h2,init.12b972a9-abcb-436f-a945-0578e67b4569
init.quant_h2_c933dc30-36f6-471f-bca6-53d8a682dce1,init.c933dc30-36f6-471f-bca6-53d8a682dce1,100.0,init.stock_location_h2,init.12b972a9-abcb-436f-a945-0578e67b4569
init.quant_h2_1f17613f-0e53-4609-9856-558ed43e085d,init.1f17613f-0e53-4609-9856-558ed43e085d,100.0,init.stock_location_h2,init.12b972a9-abcb-436f-a945-0578e67b4569
init.quant_h2_b35c87c8-fb39-4ca4-aae9-0986349c5eaf,init.b35c87c8-fb39-4ca4-aae9-0986349c5eaf,100.0,init.stock_location_h2,init.12b972a9-abcb-436f-a945-0578e67b4569
init.quant_h2_069bfea7-8d3b-4887-a7bb-98557a210c61,init.069bfea7-8d3b-4887-a7bb-98557a210c61,100.0,init.stock_location_h2,init.12b972a9-abcb-436f-a945-0578e67b4569
init.quant_h2_9eb0a661-f27b-472e-a35d-04dc1dba0860,init.9eb0a661-f27b-472e-a35d-04dc1dba0860,100.0,init.stock_location_h2,init.12b972a9-abcb-436f-a945-0578e67b4569
init.quant_h2_f543f2cd-58e5-4c65-9398-cbbc5616a6aa,init.f543f2cd-58e5-4c65-9398-cbbc5616a6aa,100.0,init.stock_location_h2,init.12b972a9-abcb-436f-a945-0578e67b4569
init.quant_h2_61444a80-77b6-4986-b9c1-07eab731ce28,init.61444a80-77b6-4986-b9c1-07eab731ce28,100.0,init.stock_location_h2,init.12b972a9-abcb-436f-a945-0578e67b4569
init.quant_h2_25dc03a6-b2ca-46d5-8121-43ab025b3e9c,init.25dc03a6-b2ca-46d5-8121-43ab025b3e9c,100.0,init.stock_location_h2,init.12b972a9-abcb-436f-a945-0578e67b4569
init.quant_h2_057862ef-9fe0-40c8-8955-3149b25c4a70,init.057862ef-9fe0-40c8-8955-3149b25c4a70,100.0,init.stock_location_h2,init.12b972a9-abcb-436f-a945-0578e67b4569
init.quant_h2_5650eb5e-97e5-45ed-8b61-46920d3bbc43,init.5650eb5e-97e5-45ed-8b61-46920d3bbc43,100.0,init.stock_location_h2,init.12b972a9-abcb-436f-a945-0578e67b4569
init.quant_h2_31fe8ffe-3a78-435c-81b2-153fa11deb32,init.31fe8ffe-3a78-435c-81b2-153fa11deb32,100.0,init.stock_location_h2,init.12b972a9-abcb-436f-a945-0578e67b4569
init.quant_h2_e5574e71-17ea-434f-8649-eba766be4087,init.e5574e71-17ea-434f-8649-eba766be4087,100.0,init.stock_location_h2,init.12b972a9-abcb-436f-a945-0578e67b4569
init.quant_h2_9e1837cf-0e08-41b0-90c0-11bdd0c4c046,init.9e1837cf-0e08-41b0-90c0-11bdd0c4c046,100.0,init.stock_location_h2,init.12b972a9-abcb-436f-a945-0578e67b4569
init.quant_h2_c10cc9b5-c1ec-4d73-9192-9dc6b40e16f9,init.c10cc9b5-c1ec-4d73-9192-9dc6b40e16f9,100.0,init.stock_location_h2,init.12b972a9-abcb-436f-a945-0578e67b4569
init.quant_h2_26dd80d3-f868-424f-977b-a9ca47eb552f,init.26dd80d3-f868-424f-977b-a9ca47eb552f,100.0,init.stock_location_h2,init.12b972a9-abcb-436f-a945-0578e67b4569
init.quant_h2_3171aeb3-5475-4ea2-b662-531f0c732716,init.3171aeb3-5475-4ea2-b662-531f0c732716,100.0,init.stock_location_h2,init.12b972a9-abcb-436f-a945-0578e67b4569
init.quant_h2_c3e48c79-8b02-4442-9480-8f656a353b89,init.c3e48c79-8b02-4442-9480-8f656a353b89,100.0,init.stock_location_h2,init.12b972a9-abcb-436f-a945-0578e67b4569
init.quant_h2_0eb3825f-3a8d-4053-abcf-d886f079cc3f,init.0eb3825f-3a8d-4053-abcf-d886f079cc3f,100.0,init.stock_location_h2,init.12b972a9-abcb-436f-a945-0578e67b4569
init.quant_h2_abc74eaf-ede5-4e86-b884-40a686e31d22,init.abc74eaf-ede5-4e86-b884-40a686e31d22,100.0,init.stock_location_h2,init.12b972a9-abcb-436f-a945-0578e67b4569
init.quant_h2_d2baaffd-5f66-4c89-8e64-06cb437e8c24,init.d2baaffd-5f66-4c89-8e64-06cb437e8c24,100.0,init.stock_location_h2,init.12b972a9-abcb-436f-a945-0578e67b4569
init.quant_h2_78e814ac-0974-41cc-8283-4487ccf32370,init.78e814ac-0974-41cc-8283-4487ccf32370,100.0,init.stock_location_h2,init.12b972a9-abcb-436f-a945-0578e67b4569
init.quant_h2_7a1398d1-4667-4123-8633-db03f53299c2,init.7a1398d1-4667-4123-8633-db03f53299c2,100.0,init.stock_location_h2,init.12b972a9-abcb-436f-a945-0578e67b4569
init.quant_h2_f9f91d79-da1d-4c83-843f-ce46d2fb4568,init.f9f91d79-da1d-4c83-843f-ce46d2fb4568,100.0,init.stock_location_h2,init.12b972a9-abcb-436f-a945-0578e67b4569
init.quant_h2_b5b194a3-efc9-47b0-8406-db87092c23e2,init.b5b194a3-efc9-47b0-8406-db87092c23e2,100.0,init.stock_location_h2,init.12b972a9-abcb-436f-a945-0578e67b4569
init.quant_h2_667682cc-6731-4784-acdc-c7fb7c98d15a,init.667682cc-6731-4784-acdc-c7fb7c98d15a,100.0,init.stock_location_h2,init.12b972a9-abcb-436f-a945-0578e67b4569
init.quant_h2_62a34f17-e83c-4dbc-b53b-9a7f9478501a,init.62a34f17-e83c-4dbc-b53b-9a7f9478501a,100.0,init.stock_location_h2,init.12b972a9-abcb-436f-a945-0578e67b4569
init.quant_h2_79c12ca2-0755-4bf4-b509-8c72239536f9,init.79c12ca2-0755-4bf4-b509-8c72239536f9,100.0,init.stock_location_h2,init.12b972a9-abcb-436f-a945-0578e67b4569
init.quant_h2_bb09383f-883c-4034-b38a-16ce564a31ed,init.bb09383f-883c-4034-b38a-16ce564a31ed,100.0,init.stock_location_h2,init.12b972a9-abcb-436f-a945-0578e67b4569
init.quant_h2_0f4627ca-7bb4-414f-a07e-5d24c0d3a442,init.0f4627ca-7bb4-414f-a07e-5d24c0d3a442,100.0,init.stock_location_h2,init.12b972a9-abcb-436f-a945-0578e67b4569
init.quant_h2_3099b446-010e-426a-ba02-bf62f1077f2e,init.3099b446-010e-426a-ba02-bf62f1077f2e,100.0,init.stock_location_h2,init.12b972a9-abcb-436f-a945-0578e67b4569
init.quant_h2_d39b535c-9a32-49c1-b339-e512d811c44d,init.d39b535c-9a32-49c1-b339-e512d811c44d,100.0,init.stock_location_h2,init.12b972a9-abcb-436f-a945-0578e67b4569
init.quant_h2_8f9e67c9-816b-4beb-9c23-b275fddfd277,init.8f9e67c9-816b-4beb-9c23-b275fddfd277,100.0,init.stock_location_h2,init.12b972a9-abcb-436f-a945-0578e67b4569
init.quant_h2_fa6a2b57-4099-4618-a3c9-7397bc36def5,init.fa6a2b57-4099-4618-a3c9-7397bc36def5,100.0,init.stock_location_h2,init.12b972a9-abcb-436f-a945-0578e67b4569
init.quant_h2_e5e8b45b-83db-4a9d-8cd4-398c4e8081fa,init.e5e8b45b-83db-4a9d-8cd4-398c4e8081fa,100.0,init.stock_location_h2,init.12b972a9-abcb-436f-a945-0578e67b4569
init.quant_h2_4bc79437-2259-4f7a-86c6-0a6570f8bdf5,init.4bc79437-2259-4f7a-86c6-0a6570f8bdf5,100.0,init.stock_location_h2,init.12b972a9-abcb-436f-a945-0578e67b4569
init.quant_h2_ff3576e9-5c64-432a-9cc4-de46e808a290,init.ff3576e9-5c64-432a-9cc4-de46e808a290,100.0,init.stock_location_h2,init.12b972a9-abcb-436f-a945-0578e67b4569
init.quant_h2_2b6dca2c-1499-4724-8648-42d996a57c6d,init.2b6dca2c-1499-4724-8648-42d996a57c6d,100.0,init.stock_location_h2,init.12b972a9-abcb-436f-a945-0578e67b4569
init.quant_h2_85000244-5a6c-4ad5-98c1-49f7eaf69fc5,init.85000244-5a6c-4ad5-98c1-49f7eaf69fc5,100.0,init.stock_location_h2,init.12b972a9-abcb-436f-a945-0578e67b4569
init.quant_h2_c45207c8-3ef0-421f-8656-6436f37b2c2f,init.c45207c8-3ef0-421f-8656-6436f37b2c2f,100.0,init.stock_location_h2,init.12b972a9-abcb-436f-a945-0578e67b4569
init.quant_h2_78fac6b5-3b16-4b00-bd2a-f3bc29eb57ac,init.78fac6b5-3b16-4b00-bd2a-f3bc29eb57ac,100.0,init.stock_location_h2,init.12b972a9-abcb-436f-a945-0578e67b4569
init.quant_h2_2de371f9-03e3-449d-8304-71311d831680,init.2de371f9-03e3-449d-8304-71311d831680,100.0,init.stock_location_h2,init.12b972a9-abcb-436f-a945-0578e67b4569
init.quant_h2_cceba115-7519-4bba-b7a6-99641fb66e25,init.cceba115-7519-4bba-b7a6-99641fb66e25,100.0,init.stock_location_h2,init.12b972a9-abcb-436f-a945-0578e67b4569
init.quant_h2_be76a5e6-e6a0-485b-baab-622111070445,init.be76a5e6-e6a0-485b-baab-622111070445,100.0,init.stock_location_h2,init.12b972a9-abcb-436f-a945-0578e67b4569
init.quant_h2_47a64fc7-febd-4d83-857d-371d061475f4,init.47a64fc7-febd-4d83-857d-371d061475f4,100.0,init.stock_location_h2,init.12b972a9-abcb-436f-a945-0578e67b4569
init.quant_h2_8fc7a1e2-1195-486a-85f3-b6e31c85d20c,init.8fc7a1e2-1195-486a-85f3-b6e31c85d20c,100.0,init.stock_location_h2,init.12b972a9-abcb-436f-a945-0578e67b4569
init.quant_h2_a80377aa-be82-4fc1-936e-2deb3ec11363,init.a80377aa-be82-4fc1-936e-2deb3ec11363,100.0,init.stock_location_h2,init.12b972a9-abcb-436f-a945-0578e67b4569
init.quant_h2_1f543777-ea62-4cd5-b0b8-76edfca2b736,init.1f543777-ea62-4cd5-b0b8-76edfca2b736,100.0,init.stock_location_h2,init.12b972a9-abcb-436f-a945-0578e67b4569
init.quant_h2_c5e1437f-e7d9-4016-8ceb-ce70056b6c8e,init.c5e1437f-e7d9-4016-8ceb-ce70056b6c8e,100.0,init.stock_location_h2,init.12b972a9-abcb-436f-a945-0578e67b4569
init.quant_h2_85580d71-7bef-415c-8b88-4168285ace82,init.85580d71-7bef-415c-8b88-4168285ace82,100.0,init.stock_location_h2,init.12b972a9-abcb-436f-a945-0578e67b4569
init.quant_h2_ac6c90a6-1070-4ef7-a24a-8a668367b1fa,init.ac6c90a6-1070-4ef7-a24a-8a668367b1fa,100.0,init.stock_location_h2,init.12b972a9-abcb-436f-a945-0578e67b4569
init.quant_h2_872ca3e1-dedb-4141-9a6b-0cd25f757eb7,init.872ca3e1-dedb-4141-9a6b-0cd25f757eb7,100.0,init.stock_location_h2,init.12b972a9-abcb-436f-a945-0578e67b4569
init.quant_h2_6e0bf2ac-f939-4331-875a-b3253517bed5,init.6e0bf2ac-f939-4331-875a-b3253517bed5,100.0,init.stock_location_h2,init.12b972a9-abcb-436f-a945-0578e67b4569
init.quant_h2_8a54b957-8c4d-4ab6-9e42-575bf5b7be83,init.8a54b957-8c4d-4ab6-9e42-575bf5b7be83,100.0,init.stock_location_h2,init.12b972a9-abcb-436f-a945-0578e67b4569
init.quant_h2_0ed59151-2774-4997-826d-505f207e99c9,init.0ed59151-2774-4997-826d-505f207e99c9,100.0,init.stock_location_h2,init.12b972a9-abcb-436f-a945-0578e67b4569
init.quant_h2_481e357d-6c45-4c8a-beec-6d8f858f2552,init.481e357d-6c45-4c8a-beec-6d8f858f2552,100.0,init.stock_location_h2,init.12b972a9-abcb-436f-a945-0578e67b4569
init.quant_h2_af3fce1f-dcb1-4f76-ad4c-b8ebda43070c,init.af3fce1f-dcb1-4f76-ad4c-b8ebda43070c,100.0,init.stock_location_h2,init.12b972a9-abcb-436f-a945-0578e67b4569
init.quant_h2_1ba37121-2bbb-4081-a6dd-02f63ce8c41d,init.1ba37121-2bbb-4081-a6dd-02f63ce8c41d,100.0,init.stock_location_h2,init.12b972a9-abcb-436f-a945-0578e67b4569
init.quant_h2_2fc67e7e-791b-4eb2-9609-f24e0c852681,init.2fc67e7e-791b-4eb2-9609-f24e0c852681,100.0,init.stock_location_h2,init.12b972a9-abcb-436f-a945-0578e67b4569
init.quant_h2_4aeb7cad-c7c3-494d-aa31-6036bdd11488,init.4aeb7cad-c7c3-494d-aa31-6036bdd11488,100.0,init.stock_location_h2,init.12b972a9-abcb-436f-a945-0578e67b4569
init.quant_h2_193ae3be-2ca6-4751-815b-cdea1cd0f4bd,init.193ae3be-2ca6-4751-815b-cdea1cd0f4bd,100.0,init.stock_location_h2,init.12b972a9-abcb-436f-a945-0578e67b4569
init.quant_h2_64494b99-8c9e-4e1d-8883-f2e97dc8d6a4,init.64494b99-8c9e-4e1d-8883-f2e97dc8d6a4,100.0,init.stock_location_h2,init.12b972a9-abcb-436f-a945-0578e67b4569
init.quant_h2_9ea8d501-3ed3-4f81-ae26-355b83cf5f00,init.9ea8d501-3ed3-4f81-ae26-355b83cf5f00,100.0,init.stock_location_h2,init.12b972a9-abcb-436f-a945-0578e67b4569
init.quant_h2_2c80fac4-1350-4378-8552-a825543cbd0b,init.2c80fac4-1350-4378-8552-a825543cbd0b,100.0,init.stock_location_h2,init.12b972a9-abcb-436f-a945-0578e67b4569
init.quant_h2_d21073a7-4767-4b20-a7e3-d32958b68a42,init.d21073a7-4767-4b20-a7e3-d32958b68a42,100.0,init.stock_location_h2,init.12b972a9-abcb-436f-a945-0578e67b4569
init.quant_h2_5431478a-7442-4959-9577-0af2e71de75b,init.5431478a-7442-4959-9577-0af2e71de75b,100.0,init.stock_location_h2,init.12b972a9-abcb-436f-a945-0578e67b4569
init.quant_h2_ec3f33db-7253-4212-ad09-1453372239f4,init.ec3f33db-7253-4212-ad09-1453372239f4,100.0,init.stock_location_h2,init.12b972a9-abcb-436f-a945-0578e67b4569
init.quant_h2_0bf43c68-051a-4b0a-8d2b-9fe7c41151c9,init.0bf43c68-051a-4b0a-8d2b-9fe7c41151c9,100.0,init.stock_location_h2,init.12b972a9-abcb-436f-a945-0578e67b4569
init.quant_h2_7273399a-f5bb-43b2-865a-ba37d344c387,init.7273399a-f5bb-43b2-865a-ba37d344c387,100.0,init.stock_location_h2,init.12b972a9-abcb-436f-a945-0578e67b4569
init.quant_h2_1a21a922-6490-45a3-9009-23ed648322d5,init.1a21a922-6490-45a3-9009-23ed648322d5,100.0,init.stock_location_h2,init.12b972a9-abcb-436f-a945-0578e67b4569
init.quant_h2_110ca2a5-fdf8-4e33-8890-a0fc07466561,init.110ca2a5-fdf8-4e33-8890-a0fc07466561,100.0,init.stock_location_h2,init.12b972a9-abcb-436f-a945-0578e67b4569
init.quant_h2_14e22438-9a0b-4d18-8f4c-884c59650aa7,init.14e22438-9a0b-4d18-8f4c-884c59650aa7,100.0,init.stock_location_h2,init.12b972a9-abcb-436f-a945-0578e67b4569
init.quant_h2_06c7fe82-a32f-4619-9123-ae1b8ee1b379,init.06c7fe82-a32f-4619-9123-ae1b8ee1b379,100.0,init.stock_location_h2,init.12b972a9-abcb-436f-a945-0578e67b4569
init.quant_h2_480f230f-7a22-45fc-bf44-aedaae8ca238,init.480f230f-7a22-45fc-bf44-aedaae8ca238,100.0,init.stock_location_h2,init.12b972a9-abcb-436f-a945-0578e67b4569
init.quant_h2_6a2e5b14-62cd-4923-8d50-31e6fe19a048,init.6a2e5b14-62cd-4923-8d50-31e6fe19a048,100.0,init.stock_location_h2,init.12b972a9-abcb-436f-a945-0578e67b4569
init.quant_h2_cbeaff88-989a-44e7-b42a-a33b1ea4b2c8,init.cbeaff88-989a-44e7-b42a-a33b1ea4b2c8,100.0,init.stock_location_h2,init.12b972a9-abcb-436f-a945-0578e67b4569
init.quant_h2_ecb1ba6f-f519-43ef-844b-1e9dc1243e5f,init.ecb1ba6f-f519-43ef-844b-1e9dc1243e5f,100.0,init.stock_location_h2,init.12b972a9-abcb-436f-a945-0578e67b4569
init.quant_h2_c1644b15-f3f9-4f75-b38c-287679f00a32,init.c1644b15-f3f9-4f75-b38c-287679f00a32,100.0,init.stock_location_h2,init.12b972a9-abcb-436f-a945-0578e67b4569
init.quant_h2_d017233d-47a7-430d-a84f-ca95ee2271e0,init.d017233d-47a7-430d-a84f-ca95ee2271e0,100.0,init.stock_location_h2,init.12b972a9-abcb-436f-a945-0578e67b4569
init.quant_h2_f57ac723-342c-4b72-a994-1d485faad41f,init.f57ac723-342c-4b72-a994-1d485faad41f,100.0,init.stock_location_h2,init.12b972a9-abcb-436f-a945-0578e67b4569
init.quant_h2_89fe40e2-ac22-4294-84ee-04fbb0e9d886,init.89fe40e2-ac22-4294-84ee-04fbb0e9d886,100.0,init.stock_location_h2,init.12b972a9-abcb-436f-a945-0578e67b4569
init.quant_h2_53ce822d-948b-4094-a82c-c5ae3034e121,init.53ce822d-948b-4094-a82c-c5ae3034e121,100.0,init.stock_location_h2,init.12b972a9-abcb-436f-a945-0578e67b4569
init.quant_h2_2e80719b-08e6-4382-aa25-0345c4fcdd87,init.2e80719b-08e6-4382-aa25-0345c4fcdd87,100.0,init.stock_location_h2,init.12b972a9-abcb-436f-a945-0578e67b4569
init.quant_h2_09597182-7ed3-4c23-95a7-aaf3857da035,init.09597182-7ed3-4c23-95a7-aaf3857da035,100.0,init.stock_location_h2,init.12b972a9-abcb-436f-a945-0578e67b4569
init.quant_h2_3522756b-cc09-4e40-b92c-b19b6166bb6e,init.3522756b-cc09-4e40-b92c-b19b6166bb6e,100.0,init.stock_location_h2,init.12b972a9-abcb-436f-a945-0578e67b4569
init.quant_h2_b519dec4-6677-4367-91b9-255fe681f54c,init.b519dec4-6677-4367-91b9-255fe681f54c,100.0,init.stock_location_h2,init.12b972a9-abcb-436f-a945-0578e67b4569
init.quant_h2_06f21304-a9f0-456d-adec-63e20a2118f9,init.06f21304-a9f0-456d-adec-63e20a2118f9,100.0,init.stock_location_h2,init.12b972a9-abcb-436f-a945-0578e67b4569
init.quant_h2_25cbe05c-3c00-4fdf-9b15-04808dce308b,init.25cbe05c-3c00-4fdf-9b15-04808dce308b,100.0,init.stock_location_h2,init.12b972a9-abcb-436f-a945-0578e67b4569
init.quant_h2_c9348077-582c-46e0-880e-e810355c9994,init.c9348077-582c-46e0-880e-e810355c9994,100.0,init.stock_location_h2,init.12b972a9-abcb-436f-a945-0578e67b4569
init.quant_h2_bf25bcff-a05c-4e63-9e78-f4c93e346efc,init.bf25bcff-a05c-4e63-9e78-f4c93e346efc,100.0,init.stock_location_h2,init.12b972a9-abcb-436f-a945-0578e67b4569
init.quant_h2_bc0cddd4-4b9d-4377-aef5-b191df84e979,init.bc0cddd4-4b9d-4377-aef5-b191df84e979,100.0,init.stock_location_h2,init.12b972a9-abcb-436f-a945-0578e67b4569
init.quant_h2_9e720e28-6c49-4114-8f52-71ab8b9d9980,init.9e720e28-6c49-4114-8f52-71ab8b9d9980,100.0,init.stock_location_h2,init.12b972a9-abcb-436f-a945-0578e67b4569
init.quant_h2_82572bed-88ce-4e45-a3fc-233ca5bcc449,init.82572bed-88ce-4e45-a3fc-233ca5bcc449,100.0,init.stock_location_h2,init.12b972a9-abcb-436f-a945-0578e67b4569
init.quant_h2_133e8d31-f1bf-4952-a7c5-c26a1e62796d,init.133e8d31-f1bf-4952-a7c5-c26a1e62796d,100.0,init.stock_location_h2,init.12b972a9-abcb-436f-a945-0578e67b4569
init.quant_h2_8a20efef-3f45-4bbc-bcd9-f44e38b2bf98,init.8a20efef-3f45-4bbc-bcd9-f44e38b2bf98,100.0,init.stock_location_h2,init.12b972a9-abcb-436f-a945-0578e67b4569
init.quant_h2_49d967e2-b5c0-44c3-8ff2-58d71c1ef0c8,init.49d967e2-b5c0-44c3-8ff2-58d71c1ef0c8,100.0,init.stock_location_h2,init.12b972a9-abcb-436f-a945-0578e67b4569
init.quant_h2_bf8a49c8-f958-4747-9133-db123c8c96e9,init.bf8a49c8-f958-4747-9133-db123c8c96e9,100.0,init.stock_location_h2,init.12b972a9-abcb-436f-a945-0578e67b4569
init.quant_h2_56691f2d-0f8d-4edd-9fbc-44aa1ea4eb74,init.56691f2d-0f8d-4edd-9fbc-44aa1ea4eb74,100.0,init.stock_location_h2,init.12b972a9-abcb-436f-a945-0578e67b4569
init.quant_h2_148b59d6-a697-40b6-ac26-be4b609a6603,init.148b59d6-a697-40b6-ac26-be4b609a6603,100.0,init.stock_location_h2,init.12b972a9-abcb-436f-a945-0578e67b4569
init.quant_h2_94cbd20e-b1d8-468e-bf0b-595e1debf313,init.94cbd20e-b1d8-468e-bf0b-595e1debf313,100.0,init.stock_location_h2,init.12b972a9-abcb-436f-a945-0578e67b4569
init.quant_h2_4fa1c63a-ef3a-4329-a8d1-8757190c14da,init.4fa1c63a-ef3a-4329-a8d1-8757190c14da,100.0,init.stock_location_h2,init.12b972a9-abcb-436f-a945-0578e67b4569
init.quant_h2_4a48f61d-9991-4e14-98a1-e8239599dd23,init.4a48f61d-9991-4e14-98a1-e8239599dd23,100.0,init.stock_location_h2,init.12b972a9-abcb-436f-a945-0578e67b4569
init.quant_h2_6050134f-0170-4f86-b544-a3a8f301e3c4,init.6050134f-0170-4f86-b544-a3a8f301e3c4,100.0,init.stock_location_h2,init.12b972a9-abcb-436f-a945-0578e67b4569
init.quant_h2_121cd1dc-a26f-49fa-b30a-868551e16ee0,init.121cd1dc-a26f-49fa-b30a-868551e16ee0,100.0,init.stock_location_h2,init.12b972a9-abcb-436f-a945-0578e67b4569
